<?xml version="1.0" encoding="UTF-8"?>
<suite name="SuiteECC">

<!-- If add more test cases In this suite, You need to add them as bellow. -->

<test name="SuiteECCCase1_AFS">
    <classes>
        <class name="com.stta.SuiteECC.SuiteECCCase1_AFS" ></class>  
    </classes>
</test>

<test name="SuiteECCCase3_AFS_T">
    <classes>
        <class name="com.stta.SuiteECC.SuiteECCCase3_AFS_T" ></class>  
    </classes>
</test>

<test name="SuiteECCCase4_Ameriprise">
    <classes>
        <class name="com.stta.SuiteECC.SuiteECCCase4_Ameriprise" ></class>  
    </classes>
</test>
<test name="SuiteECCCase6_WaddellReed">
    <classes>
        <class name="com.stta.SuiteECC.SuiteECCCase6_WaddellReed" ></class>  
    </classes>
</test>
<test name="SuiteECCCase16_Calvert">
    <classes>
        <class name="com.stta.SuiteECC.SuiteECCCase16_Calvert" ></class>  
    </classes>
</test>



</suite>